seller_id,seller_state,total_orders,total_revenue,total_late,avg_review,late_rate_pct
S001,KA,147,39087.70,3,3.05,2.04
S003,TN,150,121954.46,4,2.96,2.67
S008,KL,150,159228.88,5,3.16,3.33
S002,MH,150,83053.71,6,2.90,4.00
S004,DL,150,159561.60,8,2.93,5.33
S007,TG,150,118454.68,8,2.98,5.33
S010,MH,150,81626.34,10,2.89,6.67
S006,GJ,150,79966.98,11,2.89,7.33
S005,WB,147,40273.03,11,2.92,7.48
S011,TN,150,111636.57,13,2.85,8.67
S016,KL,150,160216.24,13,2.93,8.67
S015,TG,150,123057.35,16,3.03,10.67
S014,GJ,150,82322.97,17,2.90,11.33
S012,DL,150,162274.25,17,2.83,11.33
S020,DL,150,158602.04,20,2.89,13.33
S019,TN,150,117286.13,23,2.83,15.33
S018,MH,150,81802.43,24,2.79,16.00
S009,KA,147,38702.92,24,3.02,16.33
S023,TG,150,119753.13,27,2.81,18.00
S024,KL,150,157114.43,29,2.74,19.33
S026,MH,150,84200.38,29,2.93,19.33
S028,DL,150,163576.91,32,3.03,21.33
S031,TG,150,120228.35,34,2.81,22.67
S022,GJ,150,84248.89,34,2.77,22.67
S030,GJ,150,77941.53,34,3.00,22.67
S013,WB,148,40639.69,35,2.85,23.65
S027,TN,150,123548.57,36,2.71,24.00
S035,TN,150,126350.42,37,3.01,24.67
S034,MH,150,83531.74,41,2.63,27.33
S021,WB,148,37557.70,43,2.75,29.05
S038,GJ,150,81263.03,44,2.60,29.33
S032,KL,150,159501.43,47,2.69,31.33
S017,KA,148,37186.97,47,2.63,31.76
S039,TG,150,120228.95,50,2.81,33.33
S036,DL,150,159266.74,52,2.68,34.67
S040,KL,150,161605.55,54,2.77,36.00
S025,KA,148,37193.06,62,2.60,41.89
S029,WB,148,38341.68,72,2.58,48.65
S033,KA,148,40071.83,79,2.47,53.38
S037,WB,148,41618.16,79,2.54,53.38
